,0,1,2,3,4,5,6,7,8,9,10,11,12,13,14,15,16,17,18,19,problem_0,problem_1,problem_2,problem_3,problem_4,problem_5,problem_6,problem_7,problem_8,problem_9,problem_10,problem_11,problem_12,problem_13,problem_14,problem_15,problem_16,problem_17,problem_18,problem_19,problem_20,problem_21,problem_22,problem_23,problem_24,problem_25,problem_26,problem_27,problem_28,problem_29,problem_30,problem_31,problem_32,problem_33,problem_34,problem_35,problem_36,problem_37,problem_38,problem_39,problem_40,problem_41,problem_42,problem_43,problem_44,problem_45,problem_46,problem_47,problem_48,problem_49
0,1,-1,-1,1,-1,1,1,1,1,-1,1,-1,-1,-1,-1,-1,1,-1,1,1,0,1,1,0,0,1,0,0,0,0,0,1,0,0,0,0,0,0,0,0,0,1,1,1,1,1,0,1,0,1,1,0,0,1,0,0,0,1,0,1,0,0,1,1,1,0,1,1,0,0
1,-1,-1,-1,1,-1,-1,-1,-1,-1,1,-1,-1,1,-1,1,-1,-1,-1,1,1,0,0,0,0,1,1,1,1,0,0,0,0,1,0,0,0,0,0,1,0,0,1,0,0,0,1,0,1,0,0,1,1,0,0,1,0,1,1,1,0,0,0,0,1,1,0,1,1,0,0
2,1,1,1,-1,1,1,1,1,-1,-1,-1,-1,1,1,-1,1,-1,-1,1,-1,0,0,1,0,0,0,0,0,1,1,0,0,0,1,1,1,0,0,0,1,1,0,0,1,1,1,0,0,0,0,0,1,0,0,0,0,0,1,0,1,0,1,0,0,0,1,1,0,0,1
3,-1,-1,-1,-1,-1,-1,1,-1,-1,1,1,1,1,-1,-1,1,-1,-1,1,-1,1,0,0,1,1,1,0,0,0,1,1,1,0,1,0,0,0,0,0,1,1,1,0,0,0,0,1,0,1,0,1,1,0,0,0,0,0,1,0,0,0,1,0,0,0,1,1,0,0,1
4,-1,-1,1,-1,1,-1,1,-1,-1,-1,-1,1,-1,1,-1,1,1,-1,-1,1,0,1,0,0,1,0,0,0,1,0,1,0,1,0,1,1,1,1,0,1,0,0,0,1,0,0,0,0,1,0,0,1,0,0,0,0,0,0,0,1,0,0,0,0,0,0,0,1,1,0
5,-1,1,1,-1,-1,-1,-1,1,1,1,1,-1,1,-1,1,-1,-1,-1,-1,-1,0,0,1,0,1,0,1,1,0,1,0,1,1,0,0,1,0,0,0,0,0,1,0,1,0,1,0,1,0,1,1,0,1,0,1,0,0,0,1,0,1,0,1,0,0,0,0,1,1,0
6,-1,1,1,-1,1,1,1,-1,-1,-1,-1,1,-1,1,1,1,-1,-1,1,-1,1,0,0,0,1,0,1,0,1,1,0,0,1,1,1,1,1,1,1,0,1,0,0,0,0,0,1,1,1,0,0,1,1,1,0,0,1,0,0,1,0,1,1,0,0,0,0,1,0,0
7,-1,-1,1,1,-1,1,1,-1,-1,1,1,-1,1,-1,-1,1,-1,1,1,-1,0,0,1,0,0,1,1,1,0,1,1,1,0,0,0,0,0,0,0,1,0,1,1,0,0,0,1,1,0,0,1,1,1,0,1,0,1,0,0,0,0,0,0,1,0,0,1,0,1,1
8,-1,1,-1,1,-1,1,-1,1,1,1,-1,1,-1,-1,1,1,-1,-1,-1,-1,1,0,0,1,0,1,0,1,0,0,1,0,1,1,0,1,0,1,1,1,1,0,1,0,0,1,0,1,1,0,1,0,1,0,1,0,1,1,0,1,0,1,1,0,1,1,0,0,0,0
9,-1,1,-1,1,1,1,1,-1,1,1,1,1,1,-1,-1,1,1,1,1,-1,1,0,1,1,0,1,1,0,0,1,1,1,0,1,0,0,1,0,1,1,1,1,1,0,0,0,0,1,1,1,1,1,0,0,1,0,1,0,0,0,1,0,0,1,0,0,1,0,0,0
10,1,-1,-1,-1,1,1,-1,-1,-1,1,-1,1,-1,-1,1,1,-1,-1,-1,-1,1,0,0,1,0,0,0,1,0,0,0,1,1,1,1,0,1,1,1,0,0,1,0,0,0,0,0,0,1,0,0,0,1,0,0,0,1,0,0,1,0,1,0,0,1,1,0,0,1,0
11,1,-1,1,1,1,-1,1,-1,1,1,-1,-1,1,-1,1,1,1,-1,1,1,1,0,0,0,1,1,0,0,0,0,0,0,1,0,0,0,1,1,0,1,1,1,1,0,0,1,0,1,1,0,0,0,0,0,0,1,0,0,1,1,1,0,0,1,0,0,1,0,1,1
12,-1,-1,-1,-1,-1,1,-1,1,-1,1,1,-1,-1,-1,1,-1,-1,1,-1,-1,0,1,0,1,1,0,1,1,0,1,1,1,0,1,0,0,0,0,1,0,0,1,1,0,0,0,1,0,0,1,1,1,1,1,0,0,0,0,1,0,0,0,0,0,1,0,0,1,0,0
13,1,1,1,1,1,1,-1,-1,-1,-1,-1,-1,1,1,1,-1,1,1,-1,1,1,1,1,0,1,0,1,0,0,0,0,0,1,0,1,0,0,0,0,0,0,1,0,1,0,0,0,1,0,1,0,0,1,0,1,1,0,0,1,0,0,0,1,0,1,1,0,1,0,0
14,1,-1,-1,-1,-1,-1,1,-1,-1,1,1,1,1,1,1,1,1,-1,-1,-1,1,0,1,1,0,1,0,1,1,1,1,0,0,1,0,0,1,1,0,0,1,1,0,1,0,0,1,0,0,1,1,0,0,0,0,1,0,0,0,1,0,0,0,0,1,0,0,0,1,1
15,-1,-1,-1,1,-1,1,-1,-1,1,-1,-1,-1,1,1,1,-1,-1,-1,-1,-1,0,0,1,0,0,0,1,1,1,1,0,1,1,0,0,1,0,0,0,0,0,1,0,0,0,0,0,0,1,0,0,0,1,0,0,1,0,0,1,0,1,0,1,0,0,1,0,1,0,0
16,-1,1,-1,-1,1,-1,-1,1,1,-1,-1,1,-1,-1,-1,-1,1,-1,1,1,0,1,0,0,1,0,0,0,1,0,0,0,1,0,1,0,0,1,1,0,1,0,0,1,1,0,1,1,1,0,0,1,0,1,0,1,0,1,0,1,1,0,1,0,1,0,0,1,0,0
17,-1,-1,-1,1,-1,1,1,1,-1,1,1,1,-1,-1,-1,-1,1,1,-1,-1,0,1,1,1,0,1,0,1,1,1,1,1,1,1,0,0,1,1,0,1,0,1,1,0,1,0,1,1,0,1,1,0,1,0,0,0,0,1,0,0,0,1,0,0,1,0,0,0,0,1
18,-1,1,1,1,1,1,-1,-1,1,-1,1,1,1,1,-1,-1,-1,-1,1,-1,0,0,1,0,0,0,0,1,0,0,0,1,1,0,0,1,0,0,1,0,1,1,1,0,0,0,0,0,0,1,0,0,1,0,1,1,0,0,0,1,0,1,1,0,0,1,1,0,0,1
19,-1,-1,1,-1,1,-1,-1,1,1,-1,-1,-1,1,-1,1,1,-1,1,1,-1,1,0,1,0,0,0,1,0,1,1,0,1,0,0,0,1,0,0,1,0,0,0,0,0,0,0,0,0,0,0,0,1,0,0,0,0,1,0,0,1,1,1,0,0,1,0,0,1,1,1
20,1,1,-1,1,-1,-1,1,-1,1,-1,-1,-1,1,-1,-1,1,1,-1,1,-1,1,0,0,0,1,1,0,0,0,0,1,0,0,1,1,0,1,1,0,1,1,0,1,0,0,0,1,0,0,0,0,1,0,0,1,0,1,1,0,1,0,0,1,1,0,0,1,0,0,1
21,1,-1,-1,1,1,-1,1,1,-1,-1,-1,-1,-1,1,-1,1,-1,1,-1,1,0,1,0,0,1,0,0,0,1,0,0,0,0,1,1,0,1,1,0,1,0,0,0,0,0,1,1,0,0,0,0,1,0,0,0,1,0,0,1,1,0,0,0,0,1,1,0,0,1,1
22,-1,1,-1,1,-1,1,1,-1,-1,1,1,-1,-1,-1,-1,1,-1,1,-1,-1,1,1,0,0,0,1,1,0,0,1,1,1,0,1,0,0,0,1,1,1,0,1,0,0,1,0,1,0,1,0,1,1,0,1,0,0,1,1,0,0,0,0,0,1,1,0,0,0,1,0
23,-1,1,1,-1,1,-1,-1,1,1,1,-1,-1,1,1,-1,1,-1,1,-1,1,0,0,1,0,0,0,1,0,1,0,0,1,0,0,1,1,0,0,1,1,0,0,0,1,0,1,1,0,0,0,0,0,0,0,1,0,0,0,1,0,1,0,0,1,0,1,1,0,1,0
24,-1,-1,1,1,1,-1,1,1,-1,1,1,-1,-1,1,-1,-1,-1,1,-1,1,0,0,1,1,1,0,1,0,1,1,0,0,0,0,0,1,0,0,0,1,0,0,1,1,1,1,1,0,1,1,1,1,1,1,1,1,0,0,1,0,1,0,0,1,1,0,0,0,1,0
25,1,1,-1,-1,1,1,1,-1,-1,-1,-1,-1,-1,1,1,1,1,-1,1,1,1,0,0,0,1,0,0,0,0,1,0,0,1,0,1,1,1,1,1,1,0,0,1,0,1,1,0,0,1,0,0,1,0,1,0,1,0,1,1,1,0,1,0,1,0,1,1,1,0,0
26,1,1,-1,-1,1,1,1,1,1,-1,1,1,-1,1,1,1,-1,-1,1,1,0,0,0,0,1,0,0,1,1,0,0,0,0,0,1,0,1,0,0,1,0,1,1,0,1,1,0,0,1,0,0,0,0,1,0,0,0,1,0,1,0,1,1,0,1,1,0,0,0,0
27,-1,1,-1,1,-1,-1,1,1,-1,1,-1,1,-1,-1,1,1,-1,1,1,-1,0,1,0,0,0,1,0,1,0,1,1,1,1,1,0,0,0,1,1,1,1,0,1,0,0,0,1,1,1,0,0,1,1,1,0,1,1,1,0,0,1,0,1,0,1,0,0,0,0,1
28,1,-1,-1,-1,1,1,1,1,-1,-1,-1,-1,-1,1,1,1,-1,-1,1,1,1,0,0,0,1,0,0,0,0,0,0,0,0,1,1,0,1,0,0,1,0,0,0,1,1,1,0,0,1,0,0,0,0,1,0,1,0,1,0,0,0,1,0,1,1,1,0,1,0,0
29,1,1,-1,-1,1,-1,1,1,-1,-1,1,1,1,1,1,1,1,-1,-1,1,0,1,0,1,1,0,0,0,0,1,1,0,0,1,1,1,1,1,0,1,0,0,1,1,1,0,0,0,1,0,0,0,0,1,0,1,0,1,1,1,1,0,0,0,1,1,0,0,1,1
30,1,-1,1,-1,1,-1,-1,1,-1,1,-1,1,-1,1,-1,1,1,1,1,1,1,1,1,0,1,0,1,0,1,0,0,1,0,0,0,0,1,0,0,0,0,0,0,1,1,1,1,0,0,1,0,0,0,0,0,1,0,0,1,0,0,0,0,1,1,0,0,1,1,1
31,1,1,1,-1,1,-1,-1,-1,-1,1,1,1,1,1,1,1,1,1,-1,-1,1,1,1,1,0,0,1,0,1,0,1,1,0,1,0,1,1,1,1,0,0,1,0,1,0,0,0,0,0,0,0,0,0,0,0,0,0,1,0,0,0,0,0,0,0,0,0,0,1,1
32,-1,1,1,-1,-1,-1,1,-1,-1,1,1,-1,-1,1,1,-1,1,1,-1,-1,0,0,1,1,0,0,1,0,1,1,1,0,0,0,0,0,1,1,0,0,0,0,1,0,0,1,1,0,0,0,1,1,1,1,1,0,0,0,1,0,1,0,0,0,0,0,0,0,1,0
33,1,-1,1,1,-1,1,-1,-1,1,1,1,-1,1,-1,1,1,-1,-1,-1,1,0,1,1,0,0,1,1,1,0,0,0,1,1,0,0,0,0,0,0,0,0,1,0,1,0,1,0,0,0,0,0,0,1,0,1,0,1,1,1,0,0,1,0,0,0,1,1,0,1,1
34,1,1,-1,-1,-1,1,-1,-1,1,1,1,-1,-1,-1,1,-1,-1,-1,-1,1,1,0,0,1,0,0,1,0,0,0,0,0,1,1,1,0,0,0,1,0,0,1,0,0,1,1,0,0,0,1,1,0,1,1,0,0,1,1,0,0,1,0,1,1,1,1,0,1,0,0
35,1,-1,-1,1,-1,-1,-1,1,-1,-1,-1,1,-1,1,1,1,-1,-1,-1,-1,0,1,0,0,0,0,0,1,1,0,0,1,1,0,0,1,1,1,0,1,0,0,1,0,0,1,0,0,1,0,1,0,0,0,0,1,0,1,1,1,0,1,0,0,1,1,0,0,1,1
36,1,1,1,-1,1,1,1,-1,-1,1,-1,1,1,1,-1,1,-1,1,1,-1,1,0,0,0,0,1,1,1,1,0,0,0,0,1,1,0,0,1,0,1,0,0,0,1,0,0,1,0,0,0,0,1,1,0,0,1,1,0,0,1,0,1,0,1,0,1,1,0,0,1
37,-1,1,-1,-1,-1,1,-1,1,1,-1,1,1,1,1,-1,-1,-1,1,-1,-1,0,0,1,1,0,0,0,0,1,0,1,1,0,1,1,1,0,0,0,0,0,1,1,1,0,0,0,0,0,0,0,0,1,1,1,0,1,0,0,1,1,1,0,0,1,1,0,0,1,0
38,-1,1,1,-1,-1,-1,-1,1,-1,-1,-1,-1,-1,1,-1,-1,1,1,1,1,0,1,1,0,1,0,0,0,0,1,0,0,0,0,0,0,0,0,0,1,0,0,0,0,1,1,1,1,1,0,0,1,0,1,1,0,0,1,0,0,1,0,1,1,0,0,0,1,0,0
39,1,-1,1,-1,1,-1,-1,-1,1,-1,-1,1,-1,1,1,-1,-1,1,-1,-1,1,0,1,0,0,0,0,0,1,0,0,0,1,1,1,0,1,1,1,0,0,0,0,0,0,1,0,0,1,0,0,1,0,0,0,1,0,0,0,0,1,0,1,0,1,0,0,1,1,0
40,1,1,1,1,1,-1,-1,-1,1,1,-1,1,1,1,1,1,1,-1,1,-1,0,0,1,0,1,1,1,1,0,0,0,0,0,0,1,0,0,0,1,1,0,0,0,1,0,0,0,1,1,1,0,0,0,0,1,1,1,0,1,0,0,1,0,1,0,0,1,0,1,0
41,1,-1,-1,-1,-1,1,1,-1,1,-1,1,1,1,-1,1,1,-1,1,-1,1,1,1,0,1,0,1,0,0,1,0,1,1,1,1,0,0,1,1,1,0,0,1,1,0,0,0,0,0,1,0,0,0,0,1,0,0,1,0,0,1,0,0,0,0,0,0,0,0,1,1
42,-1,-1,-1,1,1,-1,1,-1,-1,1,-1,-1,1,1,1,1,-1,-1,-1,-1,1,1,1,1,1,0,1,0,1,1,0,1,0,0,0,1,0,1,0,1,0,0,0,0,0,0,1,0,1,1,1,1,1,0,0,1,0,0,1,1,0,0,0,1,1,1,0,0,0,0
43,1,-1,1,1,1,-1,-1,-1,1,1,1,-1,-1,-1,1,1,1,1,1,1,1,1,1,1,0,1,1,1,0,0,0,0,1,0,0,0,1,0,1,0,0,0,0,1,1,1,0,0,0,1,0,0,0,0,0,1,1,0,1,0,0,0,0,1,0,0,1,1,1,0
44,-1,-1,1,-1,1,1,-1,-1,-1,1,-1,-1,1,-1,1,-1,-1,1,1,1,0,0,0,1,0,1,1,0,0,1,0,1,1,1,0,0,0,0,0,0,0,1,0,1,0,1,0,1,0,0,0,0,1,0,1,0,1,0,1,0,1,0,1,0,0,1,0,1,0,0
45,1,-1,-1,-1,-1,1,-1,-1,1,-1,1,-1,1,1,-1,1,1,-1,1,-1,1,0,1,1,0,0,0,0,0,0,1,1,0,0,1,0,1,0,1,0,0,1,0,0,0,0,0,0,0,0,0,0,1,0,1,0,0,0,0,1,1,1,1,0,0,0,1,0,0,0
46,-1,1,1,1,1,-1,-1,1,-1,1,-1,-1,1,-1,1,-1,-1,-1,-1,1,0,0,0,0,1,0,1,0,0,1,0,1,1,0,0,1,0,0,0,1,0,0,0,1,1,1,0,1,0,1,0,0,1,1,1,1,1,1,1,0,1,0,0,0,1,1,1,1,1,0
47,1,1,-1,1,1,-1,-1,-1,1,1,-1,1,1,1,-1,-1,-1,-1,1,-1,1,0,0,0,0,0,0,1,0,0,1,0,0,0,1,0,0,0,0,1,0,1,0,1,0,0,0,0,0,1,0,0,0,0,1,1,1,0,1,1,0,0,1,0,1,1,1,0,0,0
48,-1,1,-1,-1,-1,1,1,1,1,1,-1,1,1,-1,-1,1,-1,1,1,1,0,0,0,0,0,1,0,0,0,0,1,1,0,1,0,0,0,0,0,1,1,1,0,0,0,0,0,1,0,0,0,1,1,1,1,0,1,1,0,0,0,0,0,1,1,0,1,0,0,0
49,-1,1,1,1,-1,1,-1,1,1,1,-1,-1,-1,1,1,-1,-1,1,1,-1,0,0,1,0,0,0,1,1,0,0,0,1,0,0,1,1,0,0,0,0,1,0,1,0,0,1,0,0,0,1,0,0,1,1,1,1,1,1,1,0,0,1,1,1,0,0,0,1,0,0
50,1,-1,-1,1,1,1,1,1,1,-1,-1,1,1,-1,-1,1,1,-1,-1,1,0,1,0,0,1,1,0,0,0,1,0,1,1,0,1,0,0,1,0,1,0,1,0,0,0,0,0,1,1,1,0,0,0,0,1,1,0,1,0,1,0,1,1,0,1,1,1,0,1,0
51,1,-1,-1,1,1,-1,1,1,-1,-1,1,1,1,-1,1,1,-1,-1,1,1,0,1,0,0,1,1,0,1,1,0,0,1,0,0,0,1,0,0,0,1,1,0,0,1,1,0,0,1,1,1,0,0,0,1,0,0,1,1,0,1,0,1,0,0,1,1,0,0,0,1
52,-1,1,-1,1,1,-1,1,1,1,-1,-1,1,-1,-1,1,1,1,-1,1,-1,1,0,0,1,1,0,0,0,1,1,1,1,0,1,0,0,1,1,0,1,1,0,1,0,1,1,1,1,1,0,0,1,0,0,0,0,0,1,0,1,0,0,1,0,1,0,1,0,0,1
53,-1,1,-1,-1,1,1,-1,-1,-1,-1,1,1,1,-1,1,-1,-1,1,1,-1,1,0,0,1,0,1,1,0,1,1,1,1,1,1,0,0,0,0,1,0,0,0,1,0,0,0,0,0,1,0,0,1,1,1,0,0,1,0,0,1,1,1,0,0,0,1,1,0,0,0
54,1,-1,-1,-1,-1,1,1,1,-1,-1,1,-1,1,1,-1,-1,-1,1,-1,-1,0,0,1,0,0,0,1,0,1,1,0,1,0,1,0,1,1,0,0,0,1,1,1,0,0,0,0,1,0,0,0,1,0,1,0,1,1,0,0,0,1,1,0,0,0,1,0,0,0,1
55,1,1,-1,1,-1,-1,1,-1,1,1,1,1,-1,1,1,1,-1,-1,-1,1,1,1,0,1,0,0,1,1,0,1,1,0,0,1,0,1,0,1,0,1,0,1,1,1,0,1,0,0,1,1,1,0,1,1,1,1,1,1,0,0,0,0,0,1,1,0,1,0,0,0
56,1,-1,1,1,-1,-1,-1,-1,-1,-1,1,1,-1,1,1,-1,1,-1,1,1,0,0,0,0,1,1,0,1,0,0,0,0,1,0,0,0,1,0,0,0,0,1,1,1,1,1,0,0,0,1,0,0,0,1,1,0,1,1,1,0,0,1,1,0,0,0,0,1,0,1
57,1,1,-1,1,1,-1,1,1,1,-1,1,1,-1,-1,-1,1,-1,1,-1,-1,1,1,1,0,1,0,0,1,0,0,1,1,0,1,1,1,1,1,1,1,1,0,1,1,0,0,1,1,1,0,1,1,0,0,0,1,1,1,0,1,0,0,0,1,1,0,0,0,1,0
58,-1,1,1,-1,-1,1,1,-1,1,1,-1,-1,-1,-1,-1,-1,-1,-1,1,-1,1,0,1,0,1,0,0,1,0,0,1,0,0,1,1,0,1,0,0,0,1,0,0,0,1,1,1,1,0,0,0,1,1,0,1,0,0,1,0,1,0,0,1,1,0,0,1,1,0,0
59,-1,1,1,-1,-1,1,1,1,-1,1,-1,-1,-1,1,-1,1,1,-1,1,1,0,0,1,0,0,1,1,0,0,0,1,1,0,0,1,0,0,0,0,1,1,0,0,0,1,1,1,1,0,0,0,0,1,1,1,0,0,1,1,0,0,1,0,1,0,0,1,1,0,1
60,-1,1,1,-1,-1,-1,-1,-1,-1,-1,1,-1,-1,-1,-1,1,1,1,-1,-1,0,1,1,1,0,0,1,0,1,1,0,0,0,1,0,0,0,1,1,0,0,0,0,0,0,0,1,0,1,1,1,1,1,0,1,0,0,1,0,0,1,0,0,0,0,0,0,0,0,0
61,-1,1,1,-1,-1,-1,1,-1,-1,1,1,-1,-1,1,-1,-1,-1,1,1,-1,1,0,1,0,0,0,1,0,0,0,1,0,0,0,0,0,1,0,0,0,1,0,0,0,0,1,1,0,0,1,1,1,1,1,0,1,0,0,0,0,1,0,0,1,0,0,1,0,0,0
62,-1,-1,-1,-1,-1,1,-1,-1,-1,1,-1,1,-1,1,1,-1,-1,-1,-1,-1,0,1,0,1,0,1,0,1,0,0,1,1,1,1,0,0,0,1,0,0,0,1,0,0,0,1,0,0,1,1,1,0,1,1,0,0,0,0,0,1,0,1,0,0,0,1,0,1,0,0
63,-1,-1,1,-1,-1,-1,1,1,-1,1,-1,1,1,1,1,1,-1,-1,-1,-1,0,0,0,0,0,0,1,0,1,0,1,1,0,1,0,1,0,0,0,0,1,0,1,0,0,1,0,1,1,0,0,0,1,0,0,1,0,0,1,1,0,1,0,0,0,0,0,0,1,1
64,1,-1,-1,-1,1,-1,-1,-1,1,1,1,-1,-1,1,1,1,1,-1,-1,-1,1,0,1,1,0,1,1,0,1,0,1,1,0,0,0,0,1,1,1,0,0,0,0,1,0,1,1,0,1,0,1,0,0,0,0,1,1,0,1,1,0,1,0,0,0,0,0,0,1,0
65,-1,1,-1,-1,1,1,-1,-1,1,-1,1,1,1,1,-1,-1,-1,1,1,-1,1,0,1,0,1,0,1,0,0,0,0,1,0,0,1,1,0,0,1,0,0,1,1,0,0,0,0,0,0,0,0,1,0,1,1,0,1,0,0,0,1,0,1,0,0,1,0,0,0,0
66,-1,1,-1,-1,-1,1,-1,1,1,-1,1,1,-1,1,1,1,1,1,1,1,0,1,0,1,0,1,0,0,1,0,1,1,1,1,0,0,0,0,1,1,1,0,1,0,0,0,1,0,0,0,0,0,0,0,1,0,1,0,0,1,1,1,1,0,0,0,1,1,1,0
67,-1,-1,1,-1,-1,1,-1,1,-1,1,-1,1,1,1,-1,-1,1,1,-1,-1,0,0,1,1,0,1,0,0,1,1,0,0,0,0,0,0,0,0,0,1,1,0,0,0,0,0,0,1,0,1,0,0,1,0,0,0,0,1,1,0,1,1,1,0,0,0,0,0,1,0
68,1,-1,1,-1,1,1,1,-1,-1,1,1,-1,1,1,-1,-1,-1,-1,1,-1,0,0,1,0,1,0,1,0,0,0,0,0,0,0,1,0,1,0,1,0,0,1,0,0,1,1,0,0,0,1,0,1,1,1,0,1,0,0,1,1,1,1,0,0,0,1,0,0,0,0
69,1,1,1,-1,-1,-1,-1,-1,-1,-1,-1,1,1,-1,1,-1,-1,1,-1,-1,1,1,0,1,0,0,1,0,1,0,1,0,0,1,1,1,0,1,1,0,1,1,1,1,0,0,0,1,0,0,0,1,1,0,0,0,1,1,1,1,0,1,1,0,0,1,0,0,0,1
70,1,1,1,-1,-1,-1,-1,1,-1,1,1,1,1,1,-1,1,-1,-1,1,1,0,1,0,0,1,0,1,1,0,0,0,0,0,0,0,0,0,0,0,1,1,0,0,1,1,1,0,1,0,1,1,0,0,1,1,0,1,1,1,0,0,1,0,1,0,0,1,0,0,1
71,1,1,-1,-1,-1,-1,-1,-1,-1,-1,1,-1,-1,1,-1,-1,-1,1,1,-1,1,1,1,0,0,0,0,0,0,1,1,0,0,1,0,0,1,0,1,0,0,0,1,0,0,0,1,1,1,0,1,1,1,1,1,0,1,0,0,1,1,0,0,1,0,0,0,0,0,0
72,1,1,1,-1,1,1,-1,1,1,-1,1,1,-1,1,-1,-1,-1,1,1,-1,1,1,1,0,0,0,0,1,0,0,0,0,0,0,1,0,1,0,1,0,0,1,1,0,1,0,0,0,0,0,0,0,0,1,0,1,1,0,0,1,1,1,1,0,0,0,0,0,0,0
73,-1,1,1,1,-1,1,1,1,1,-1,1,-1,1,1,-1,1,1,-1,1,-1,0,0,1,0,0,1,0,0,1,1,0,0,0,0,0,1,0,0,0,1,1,1,0,0,1,0,1,1,0,0,0,0,1,0,1,0,0,0,0,0,1,1,1,0,0,0,1,0,0,1
74,-1,-1,-1,1,-1,-1,1,-1,-1,-1,-1,-1,1,-1,1,1,1,1,-1,-1,0,1,1,0,0,0,0,0,1,1,1,1,1,1,0,1,0,1,0,0,1,0,0,0,0,0,1,0,1,0,1,1,0,0,0,0,0,0,0,1,0,0,1,0,0,0,1,0,0,0
75,-1,-1,-1,-1,-1,1,1,-1,1,1,-1,1,1,-1,-1,-1,-1,1,1,-1,1,0,0,1,0,1,0,0,1,0,0,1,0,1,0,0,0,1,1,0,0,1,0,0,0,0,1,1,1,0,0,1,0,1,0,0,0,0,0,0,0,0,1,0,0,0,0,0,1,0
76,1,1,1,1,-1,1,-1,-1,1,-1,1,-1,1,1,-1,-1,-1,-1,1,-1,0,0,1,0,1,0,1,1,0,0,0,0,0,0,1,1,0,0,0,0,0,1,1,0,1,0,0,0,0,1,0,0,0,0,1,0,1,0,0,0,1,0,1,0,0,1,1,1,0,0
77,1,-1,1,-1,1,1,-1,-1,-1,-1,-1,1,1,1,1,-1,1,-1,-1,1,0,0,1,1,0,0,1,0,1,1,0,0,1,0,1,0,0,0,0,0,0,0,0,1,0,0,0,1,1,1,0,0,0,0,0,1,0,0,1,0,1,1,1,0,0,1,0,1,1,0
78,-1,1,1,-1,1,1,-1,1,-1,-1,1,-1,1,-1,-1,-1,-1,1,-1,1,1,1,1,0,1,0,1,0,1,0,0,1,0,0,1,1,0,0,0,0,0,0,0,0,1,0,0,0,0,1,0,1,0,1,1,0,0,0,1,0,1,0,0,0,0,1,0,1,1,0
79,1,-1,1,1,1,1,-1,-1,1,-1,-1,1,1,1,-1,1,-1,1,-1,-1,0,0,1,1,0,0,1,0,1,0,0,0,0,1,1,0,1,0,1,0,0,1,1,1,0,0,0,0,0,1,0,0,0,0,0,1,0,0,0,1,1,1,0,0,0,1,0,0,1,0
80,-1,1,1,-1,-1,1,-1,1,1,1,1,-1,1,-1,-1,-1,1,1,1,1,1,1,1,0,0,0,1,1,0,1,0,1,0,0,0,0,0,0,1,0,1,1,0,0,1,0,1,1,0,1,0,0,0,1,1,0,1,0,0,1,1,0,1,0,0,0,1,1,1,0
81,-1,1,-1,-1,-1,-1,1,-1,1,-1,1,1,-1,1,-1,1,-1,1,-1,-1,1,1,1,0,0,0,0,0,1,0,1,1,0,1,1,0,1,1,1,0,1,1,1,0,0,0,0,0,1,0,1,1,1,1,0,0,0,0,0,0,0,0,0,1,0,0,0,0,0,0
82,-1,-1,1,1,1,-1,1,-1,-1,-1,1,-1,1,-1,1,-1,1,-1,1,-1,0,0,1,0,0,1,0,0,1,1,0,0,1,0,0,0,1,0,1,0,1,0,0,0,0,0,0,0,1,0,0,1,1,0,1,0,0,0,1,1,0,0,0,0,0,0,0,1,0,1
83,-1,-1,-1,-1,1,-1,1,1,-1,-1,1,1,1,-1,-1,1,-1,-1,-1,1,0,1,1,0,0,1,0,0,1,0,1,1,0,0,0,0,1,0,0,0,0,0,0,1,0,0,1,1,1,1,1,1,1,1,0,0,0,1,0,1,1,0,0,0,1,0,1,0,1,1
84,-1,-1,-1,1,-1,-1,-1,-1,-1,1,1,-1,1,1,1,1,-1,1,1,1,0,0,1,1,0,1,1,0,0,0,0,1,0,0,0,0,0,0,0,0,0,1,1,0,0,0,0,0,1,0,1,0,1,1,1,0,1,0,0,0,0,0,0,0,1,1,0,0,1,1
85,1,1,1,-1,1,-1,-1,1,1,-1,-1,1,1,-1,-1,1,-1,-1,1,1,1,0,0,0,1,0,0,0,0,0,0,0,0,0,1,0,0,0,0,1,0,0,0,1,1,1,0,0,0,1,0,0,1,0,0,0,0,1,0,1,0,1,1,0,0,1,1,0,0,1
86,1,1,-1,-1,-1,1,1,-1,1,-1,-1,-1,1,1,-1,1,1,1,-1,1,0,0,1,0,0,0,0,0,0,0,0,0,0,0,1,0,1,1,0,0,0,0,1,0,0,0,0,0,0,0,0,0,0,0,1,1,0,1,0,0,0,0,0,1,0,0,1,0,0,0
87,1,-1,1,1,-1,-1,1,1,1,1,-1,-1,-1,-1,-1,1,1,1,1,-1,1,0,0,0,0,1,0,1,0,0,1,1,0,1,0,0,1,1,0,1,1,0,1,1,1,1,1,0,0,0,1,1,0,0,1,1,0,1,0,1,0,0,1,0,0,0,1,0,0,1
88,1,1,1,1,-1,1,1,-1,-1,1,-1,-1,-1,-1,-1,-1,-1,-1,1,1,0,0,1,0,1,1,0,1,0,0,0,0,0,1,1,0,0,0,0,1,1,1,1,0,1,0,0,1,0,0,1,1,0,0,1,0,0,1,1,0,0,0,1,1,1,1,1,1,0,0
89,-1,-1,-1,1,-1,-1,-1,-1,-1,-1,1,1,1,-1,1,-1,1,-1,1,1,0,1,0,0,1,1,0,0,0,0,0,0,1,1,0,0,0,1,1,0,1,1,0,0,0,1,0,1,1,1,1,0,0,1,1,1,1,0,0,0,0,1,1,1,1,1,0,1,0,0
90,-1,1,-1,1,1,-1,1,-1,-1,-1,-1,1,1,1,1,1,1,1,-1,1,1,0,1,0,1,1,1,0,1,1,1,0,1,1,0,0,1,1,0,1,0,0,0,0,0,0,1,1,1,0,0,1,0,1,0,1,1,0,1,0,1,0,0,1,0,1,0,0,1,0
91,1,-1,1,1,-1,-1,-1,-1,-1,1,1,-1,1,-1,-1,1,-1,1,-1,1,0,1,1,1,0,0,1,0,0,0,1,1,0,0,0,0,0,0,0,0,0,1,0,0,0,0,0,0,0,1,1,0,1,0,1,0,1,0,1,0,0,0,0,1,0,0,1,0,1,1
92,-1,1,-1,1,-1,-1,-1,1,-1,-1,1,-1,-1,1,-1,-1,1,1,-1,1,0,1,1,0,1,0,1,1,0,1,1,0,0,0,0,1,0,0,0,1,0,0,0,0,1,0,1,0,0,0,1,1,1,1,1,0,1,1,1,0,1,0,0,1,0,1,0,1,0,0
93,1,-1,1,-1,1,-1,-1,1,1,-1,-1,1,-1,1,-1,1,1,1,-1,1,0,0,1,1,0,0,0,0,1,0,0,0,1,0,1,0,1,1,0,1,0,0,0,1,0,1,0,0,1,1,0,0,0,0,0,1,0,0,0,1,0,1,0,0,0,0,0,0,1,0
94,-1,1,1,1,-1,-1,1,1,1,-1,-1,-1,1,1,1,-1,-1,1,-1,1,0,0,0,0,1,0,1,0,1,1,0,0,0,0,1,1,0,0,1,0,1,0,1,1,0,1,0,1,0,0,0,0,1,1,1,1,1,1,1,0,1,0,0,1,1,1,1,0,1,1
95,-1,-1,1,-1,-1,-1,1,1,-1,-1,1,1,1,1,-1,-1,1,-1,1,1,0,1,1,0,1,1,0,0,1,0,0,0,0,0,0,1,0,0,0,0,1,0,0,1,1,1,0,1,0,1,0,0,0,1,1,0,0,1,0,0,1,1,0,0,0,0,1,0,1,1
96,-1,1,1,1,1,-1,1,1,1,-1,-1,-1,1,-1,1,1,-1,-1,-1,1,0,1,0,0,1,0,1,0,1,1,0,1,1,0,1,0,0,1,0,1,0,0,0,1,0,0,0,0,1,0,0,0,0,0,0,0,0,0,1,0,0,0,0,0,1,1,0,0,1,1
97,-1,-1,-1,-1,1,1,-1,1,-1,-1,-1,1,-1,1,-1,-1,1,-1,1,-1,0,0,0,0,0,0,0,0,1,0,0,0,1,0,1,0,1,1,1,1,0,0,1,0,0,0,0,0,1,0,0,1,0,1,0,1,0,1,1,1,0,1,1,0,0,1,0,0,0,0
98,1,-1,1,1,1,-1,-1,-1,1,-1,-1,-1,-1,1,-1,1,1,1,1,1,0,1,1,0,0,0,0,0,0,0,0,0,0,0,1,0,1,1,0,0,0,0,0,1,1,1,1,0,0,0,0,0,0,0,1,0,0,0,1,1,1,0,0,1,0,0,1,0,1,0
99,1,-1,1,1,-1,1,-1,-1,1,-1,-1,1,1,1,-1,-1,1,-1,-1,1,0,1,0,1,1,0,0,1,0,0,0,0,1,0,1,0,0,0,0,0,0,1,0,1,0,0,0,1,0,1,0,0,0,0,1,0,0,0,1,0,1,1,1,0,0,1,0,1,0,0
100,1,1,1,-1,-1,1,-1,-1,-1,1,-1,1,1,-1,1,1,-1,-1,1,1,0,0,0,1,0,1,1,1,0,0,0,0,0,0,1,0,0,0,0,0,1,0,0,0,0,1,0,1,0,0,0,0,1,0,0,0,0,1,0,1,1,1,0,0,0,1,1,1,0,1
101,1,-1,1,1,1,-1,1,1,1,-1,1,1,-1,1,-1,-1,1,1,1,-1,0,1,1,0,1,0,1,1,1,0,0,0,0,0,1,1,1,1,0,1,1,0,1,1,1,1,0,0,0,1,0,0,0,0,1,1,0,1,0,1,0,1,1,0,0,0,0,0,1,1
102,-1,-1,1,-1,1,1,-1,-1,-1,-1,1,-1,1,1,-1,-1,1,-1,-1,-1,0,0,1,1,1,0,1,0,1,0,0,0,1,0,1,1,1,0,0,0,0,0,0,0,1,0,0,0,0,1,0,0,1,0,1,0,0,0,1,0,1,1,0,0,0,1,1,1,1,0
103,-1,-1,-1,1,1,1,1,-1,-1,-1,1,-1,1,-1,-1,1,1,-1,-1,-1,0,1,1,0,0,1,1,1,1,1,1,1,1,0,0,1,1,1,1,1,0,1,0,1,1,0,1,0,1,1,1,1,0,0,0,0,0,0,0,1,1,0,0,0,1,0,0,0,0,0
104,-1,-1,-1,-1,-1,1,1,1,-1,1,-1,1,-1,1,1,-1,1,-1,-1,-1,0,1,0,0,0,0,0,1,1,1,1,0,1,0,1,1,0,0,0,1,1,0,1,0,0,0,1,1,0,0,0,0,1,0,0,1,0,0,0,0,0,1,1,0,1,0,0,1,0,0
105,1,-1,-1,1,1,-1,-1,1,-1,1,1,-1,1,1,-1,-1,-1,-1,1,1,0,0,0,0,1,0,0,0,0,0,0,0,0,0,0,0,0,0,0,1,0,1,0,1,1,1,0,0,1,1,0,0,0,0,1,1,1,1,1,0,0,0,0,1,1,1,0,1,0,0
106,1,1,-1,1,1,-1,1,-1,1,1,-1,1,1,-1,-1,1,-1,-1,-1,-1,1,0,0,0,1,1,0,0,1,0,1,1,0,1,1,0,0,1,0,1,0,1,0,1,0,0,1,0,1,0,1,1,0,0,0,1,1,1,0,1,0,0,0,1,1,0,0,1,0,0
107,1,-1,-1,1,-1,-1,-1,-1,-1,-1,1,-1,1,1,-1,-1,-1,-1,-1,1,1,1,1,0,1,0,1,0,0,0,0,0,0,0,0,1,0,0,0,0,0,1,0,1,0,0,0,0,1,1,1,0,0,0,1,0,1,1,1,0,1,0,0,1,0,1,0,0,0,0
108,1,-1,-1,-1,-1,1,1,1,-1,-1,1,1,1,1,-1,-1,1,1,-1,-1,0,0,1,1,0,0,0,0,0,1,1,0,0,1,0,1,1,0,0,0,0,1,1,0,0,0,0,0,0,1,1,0,0,1,0,0,0,0,0,0,1,1,0,0,0,0,0,0,0,1
109,-1,1,1,-1,-1,1,1,1,-1,1,1,1,-1,-1,-1,1,-1,-1,-1,1,0,1,0,0,0,1,1,1,0,0,1,0,0,1,1,0,0,0,0,1,1,0,0,1,1,0,1,1,0,1,1,0,1,1,1,0,0,1,0,0,0,0,0,0,1,0,1,1,0,0
110,-1,1,-1,-1,1,1,1,-1,1,1,-1,1,-1,1,1,1,1,1,1,-1,0,0,0,1,0,1,1,0,1,0,1,0,1,1,1,0,1,1,0,1,1,0,0,0,0,0,0,0,1,0,0,1,1,1,0,1,1,0,0,1,0,0,0,1,1,0,0,0,1,0
111,-1,1,1,-1,-1,-1,-1,1,-1,-1,1,-1,-1,1,-1,-1,-1,-1,1,-1,0,1,1,1,1,0,1,1,0,0,0,0,0,0,0,1,0,0,0,0,1,0,0,0,1,1,0,0,0,0,1,1,1,1,1,0,1,1,0,0,1,1,1,0,0,0,0,1,0,0
112,1,1,-1,1,-1,-1,-1,-1,1,1,-1,1,1,1,-1,1,-1,1,-1,-1,1,0,1,1,1,0,1,0,0,0,1,1,0,1,0,0,0,1,0,1,0,0,0,1,0,0,0,0,0,0,0,0,0,0,1,1,1,0,0,0,0,0,0,1,1,1,1,0,0,0
113,-1,-1,-1,1,-1,-1,-1,-1,-1,1,1,-1,1,1,-1,1,-1,1,1,-1,0,0,1,0,1,1,1,0,0,0,1,1,0,0,0,0,1,0,0,0,0,1,0,0,0,0,1,0,0,1,1,1,1,0,1,0,1,0,0,0,0,0,0,1,0,0,0,0,0,1
114,1,-1,1,1,-1,-1,1,-1,-1,1,1,1,1,-1,1,1,-1,-1,1,1,1,1,0,1,1,1,1,1,0,0,0,0,0,0,0,0,0,0,0,0,0,1,0,0,0,1,0,1,1,1,1,0,0,0,0,0,1,1,0,1,0,1,0,1,1,0,1,1,0,1
115,-1,-1,1,1,1,1,1,1,-1,-1,-1,-1,-1,1,1,-1,-1,-1,-1,-1,0,0,0,0,1,0,1,1,1,0,0,0,1,0,1,1,0,0,0,0,0,0,0,0,1,1,0,1,1,0,0,1,1,1,0,1,0,0,1,0,1,0,1,1,1,1,0,0,1,0
116,-1,1,-1,1,-1,-1,1,1,-1,1,1,-1,-1,-1,1,-1,-1,1,1,1,1,1,0,0,1,1,1,1,0,1,1,0,0,1,0,1,0,0,0,1,1,0,1,0,1,1,1,1,0,1,1,0,1,1,1,1,1,1,0,0,0,0,0,1,1,0,0,1,0,1
117,1,1,-1,1,1,-1,-1,-1,-1,1,1,1,-1,1,1,1,-1,1,-1,1,1,1,0,1,0,1,1,0,0,1,1,1,0,0,0,0,0,0,1,1,0,1,0,1,0,0,1,0,1,0,1,0,1,1,0,1,1,0,0,0,0,0,0,1,0,1,0,0,1,0
118,-1,1,-1,1,1,-1,1,1,1,-1,-1,-1,1,-1,1,-1,1,1,1,-1,0,1,0,0,0,1,0,0,0,1,0,1,1,0,1,0,0,1,1,1,1,0,1,0,0,0,1,1,1,0,0,0,0,0,1,1,1,1,1,0,0,0,1,0,1,1,0,0,0,1
119,-1,1,-1,-1,-1,1,1,1,-1,-1,1,1,-1,1,-1,-1,1,-1,1,-1,0,0,0,0,0,1,0,0,0,0,1,0,0,1,1,1,1,0,1,1,1,0,1,0,1,0,1,0,0,0,0,0,1,1,0,0,0,1,0,1,0,1,1,0,0,0,1,1,0,0
120,-1,1,1,1,-1,-1,1,-1,1,-1,1,-1,1,-1,1,1,1,-1,1,-1,0,0,1,0,1,1,0,1,1,1,1,0,0,0,0,1,0,1,1,0,1,0,1,0,0,0,0,1,1,0,0,0,1,0,1,0,0,0,0,0,0,1,1,0,0,1,1,0,0,1
121,1,1,-1,1,1,1,1,-1,-1,1,-1,1,-1,-1,1,1,1,1,-1,1,1,1,0,1,0,0,1,0,0,1,1,1,1,1,1,0,1,1,1,0,0,0,1,0,1,1,1,1,1,0,1,0,1,0,0,0,0,1,1,1,0,0,0,1,1,1,1,0,0,0
122,1,-1,1,-1,1,1,1,1,1,1,1,-1,-1,-1,-1,-1,1,-1,1,1,1,0,0,0,0,0,0,1,0,0,1,1,0,0,1,0,0,0,0,0,0,0,0,1,1,1,0,0,0,1,0,0,0,1,0,1,0,0,0,0,1,0,1,0,0,0,1,1,0,0
123,-1,1,1,1,-1,-1,1,1,-1,-1,1,-1,1,-1,-1,-1,1,1,1,1,0,1,0,0,1,1,0,1,1,1,1,0,0,0,0,1,0,0,0,1,1,0,1,0,1,0,1,1,0,0,1,1,1,1,1,0,1,1,1,0,1,0,0,0,0,0,1,1,0,1
124,-1,-1,-1,1,1,1,1,-1,-1,1,1,-1,-1,1,1,-1,-1,-1,1,-1,0,0,0,0,0,1,1,1,0,0,0,1,0,0,0,1,1,0,0,1,0,0,1,0,1,1,0,0,0,0,0,1,1,1,0,1,0,0,1,1,0,1,0,0,1,1,0,0,0,0
125,1,-1,-1,1,-1,1,-1,-1,-1,-1,-1,-1,-1,1,-1,1,1,1,1,1,0,1,0,1,0,1,0,0,0,0,0,0,1,1,0,0,1,1,0,1,0,0,0,0,1,1,0,0,0,1,0,1,0,0,1,0,1,1,0,1,0,0,0,1,0,1,1,1,0,0
126,-1,1,-1,-1,-1,-1,1,-1,-1,1,1,-1,1,-1,1,1,1,1,-1,-1,1,1,1,1,0,1,1,1,1,1,1,1,0,1,0,0,1,1,1,0,0,0,0,0,0,0,1,0,1,0,1,1,1,0,0,0,1,0,0,0,0,0,0,0,0,0,1,0,0,1
127,-1,1,-1,1,-1,-1,1,1,1,-1,1,-1,1,1,1,1,-1,-1,-1,1,0,0,0,0,1,0,0,0,1,0,0,1,0,0,0,1,0,0,0,1,1,0,1,0,0,1,1,0,0,0,1,0,1,1,1,0,0,1,1,0,0,0,0,1,0,1,1,0,0,1
128,-1,-1,1,-1,1,1,1,1,1,1,-1,-1,1,1,1,1,-1,-1,1,-1,1,0,1,0,0,0,1,0,1,0,0,1,0,0,0,0,0,0,0,0,1,0,0,0,0,0,0,1,1,0,0,0,0,0,0,1,0,0,0,0,0,1,0,0,0,0,0,1,1,0
129,-1,1,-1,1,1,-1,-1,1,1,-1,1,1,1,1,1,1,1,1,1,1,0,1,1,1,1,1,1,0,1,0,0,1,0,0,0,1,1,1,1,1,1,0,1,1,0,0,1,0,0,0,0,0,0,1,1,0,1,0,1,0,1,0,0,0,0,1,0,0,0,1
130,1,-1,-1,-1,-1,-1,-1,-1,-1,1,1,-1,-1,-1,1,-1,-1,1,1,1,1,0,0,1,1,1,0,1,0,0,0,0,0,1,0,0,1,0,0,0,0,1,0,0,0,1,0,0,0,0,1,1,1,1,0,0,1,1,0,1,0,0,0,1,0,0,0,1,0,1
131,1,1,-1,1,1,1,1,-1,1,1,1,-1,-1,-1,1,1,1,1,-1,-1,1,0,0,0,0,1,1,0,0,1,1,1,1,1,0,0,1,1,1,0,0,1,1,0,1,1,1,0,0,0,1,0,1,0,0,0,1,1,0,0,0,1,0,1,1,0,0,0,0,0
132,-1,-1,-1,1,1,1,-1,1,1,-1,1,-1,-1,1,1,1,1,-1,1,-1,0,0,1,0,0,0,0,1,1,0,0,1,1,0,0,1,1,0,1,1,1,0,0,0,0,1,0,0,1,1,0,0,0,0,0,0,0,0,0,0,0,1,1,0,1,1,0,1,1,0
133,1,-1,-1,1,-1,1,-1,-1,1,-1,1,1,1,1,-1,-1,-1,1,1,1,0,0,0,1,0,1,0,1,0,0,0,1,0,0,1,0,1,1,1,0,1,1,1,0,0,0,0,0,1,1,0,0,0,1,1,0,1,1,0,1,1,1,0,1,0,0,1,0,0,0
134,-1,1,1,1,-1,1,-1,1,-1,-1,1,-1,-1,-1,-1,-1,-1,1,1,1,0,1,0,0,1,1,1,1,0,1,0,0,0,0,0,0,0,0,0,0,1,0,0,0,1,0,0,1,0,0,1,0,1,1,1,0,1,1,0,0,1,0,1,0,0,1,0,1,0,1
135,1,1,1,1,-1,1,1,1,1,-1,1,-1,1,-1,1,1,-1,1,-1,-1,0,1,0,1,0,0,1,1,1,0,0,1,1,1,0,1,0,1,0,1,1,1,1,1,0,0,0,0,0,0,1,0,1,0,0,1,0,0,0,0,0,0,1,0,0,1,1,0,0,1
136,-1,-1,1,-1,-1,1,1,1,1,1,-1,1,1,-1,1,-1,-1,-1,1,-1,1,1,0,0,0,0,0,1,0,0,0,1,0,0,0,1,0,1,0,0,1,1,0,0,0,1,0,1,1,0,0,0,0,1,0,1,1,0,0,0,1,1,1,0,1,0,1,1,0,1
137,-1,1,-1,1,1,-1,1,-1,1,1,-1,-1,1,1,1,1,-1,-1,1,1,0,0,0,0,1,0,1,0,0,0,0,0,0,0,0,1,1,0,0,1,1,0,0,0,0,1,1,1,1,0,0,1,0,0,1,0,1,0,1,0,0,0,0,1,1,1,1,0,0,0
138,-1,-1,-1,-1,-1,1,1,-1,1,1,-1,1,1,1,-1,-1,1,1,-1,1,1,0,1,1,0,1,0,0,1,0,1,0,1,1,0,0,0,0,0,0,0,1,0,0,0,0,1,1,1,1,0,1,0,1,1,0,0,0,1,0,1,0,1,0,0,0,0,0,1,0
139,-1,-1,-1,-1,-1,-1,-1,-1,1,1,-1,-1,-1,1,-1,-1,-1,-1,1,1,0,0,0,0,0,0,0,0,0,0,0,0,1,0,0,0,1,0,0,0,0,0,0,0,0,1,0,0,0,1,0,1,0,0,1,0,0,1,0,1,0,0,0,1,0,0,1,1,0,0
140,1,-1,1,-1,-1,1,1,-1,-1,-1,-1,-1,1,1,-1,1,1,1,1,1,0,0,1,0,1,0,0,0,1,0,0,0,0,0,1,0,0,0,0,0,0,0,0,0,0,1,0,0,0,0,0,0,0,0,1,0,0,0,0,1,0,0,0,1,0,0,1,1,0,1
141,-1,-1,-1,1,-1,1,1,-1,-1,1,-1,-1,1,-1,1,-1,1,1,-1,-1,0,1,0,1,0,1,1,0,0,0,1,1,1,1,0,0,0,1,0,0,0,0,1,0,0,0,0,1,1,0,1,1,1,0,0,1,1,0,0,0,0,0,1,0,1,0,0,1,0,0
142,1,-1,-1,1,-1,1,-1,1,-1,1,-1,-1,-1,-1,1,1,1,-1,-1,1,0,1,0,1,0,1,0,1,0,0,0,1,0,1,0,0,0,1,0,0,0,1,0,1,1,1,0,1,0,1,1,0,0,0,0,0,0,1,1,0,0,1,1,0,1,0,0,1,0,0
143,-1,-1,-1,1,1,-1,1,-1,-1,-1,-1,1,-1,1,1,1,-1,1,-1,1,1,0,0,0,0,1,1,0,1,0,1,1,0,1,1,0,1,1,0,1,0,0,0,0,0,0,1,0,1,0,0,1,1,1,0,1,0,1,0,0,0,0,0,1,1,1,0,0,1,1
144,-1,-1,-1,-1,1,-1,1,-1,-1,1,-1,1,1,-1,-1,1,-1,1,-1,-1,1,0,0,1,0,1,0,0,0,0,1,1,0,1,0,0,1,1,0,1,0,1,0,0,0,0,1,0,1,0,1,1,0,0,0,0,1,0,0,1,0,1,0,0,1,0,0,1,1,1
145,-1,-1,-1,1,1,-1,-1,-1,1,-1,-1,1,1,1,1,1,-1,-1,-1,1,0,1,1,1,0,0,1,0,1,0,0,0,1,0,0,1,0,1,0,1,1,0,0,1,0,0,0,0,1,0,0,0,0,0,0,0,0,0,1,1,0,0,0,0,0,1,0,0,1,0
146,-1,-1,1,1,-1,1,-1,-1,1,1,1,1,1,-1,1,1,1,1,-1,1,0,1,1,1,0,1,1,1,1,0,0,0,1,1,0,0,0,1,1,0,0,1,0,0,0,0,0,1,0,1,0,1,1,0,1,0,0,0,0,0,1,1,0,0,0,0,1,0,1,1
147,1,-1,-1,-1,1,-1,-1,1,1,1,1,1,-1,1,1,1,-1,-1,-1,-1,1,0,1,1,0,0,0,1,1,1,0,1,0,0,0,0,1,0,1,0,0,1,0,1,0,1,0,0,0,1,1,0,1,0,0,1,1,0,0,1,0,1,0,0,1,1,0,0,1,0
148,-1,-1,-1,-1,1,1,1,-1,1,1,-1,1,1,1,1,1,1,-1,-1,1,1,0,1,0,0,1,1,0,1,0,0,1,1,0,1,0,0,0,0,1,0,1,0,1,0,0,1,1,1,1,0,0,0,0,0,0,0,0,0,0,1,0,0,0,0,0,0,0,1,0
149,1,1,-1,-1,1,-1,-1,1,1,1,-1,-1,1,-1,-1,1,-1,-1,-1,-1,1,0,1,1,0,0,0,0,0,0,0,1,0,0,0,0,0,0,0,0,0,1,0,1,0,1,1,0,1,1,1,1,0,1,0,1,1,0,1,1,0,1,0,1,1,1,1,0,0,0
150,-1,-1,-1,1,-1,-1,-1,1,1,1,-1,-1,1,-1,-1,-1,1,1,1,1,0,0,0,1,0,1,0,0,0,0,0,1,1,0,0,0,0,0,0,1,0,1,0,1,0,1,0,1,0,1,0,0,0,0,1,0,1,1,1,0,0,0,0,0,0,0,1,1,1,0
151,1,1,1,1,1,-1,-1,1,1,-1,1,1,-1,1,1,-1,-1,1,1,-1,0,0,0,0,0,1,1,0,1,0,1,0,0,1,1,0,1,0,1,0,1,0,1,1,1,1,1,1,0,1,0,0,0,1,0,0,1,0,0,1,0,0,0,1,0,1,0,0,1,0
152,1,1,1,-1,-1,1,-1,-1,-1,-1,-1,-1,1,1,-1,-1,-1,1,-1,1,1,0,0,0,1,0,1,0,0,0,0,0,1,0,1,1,0,0,0,0,0,0,0,1,0,0,0,1,1,0,0,0,0,0,1,0,1,0,0,0,0,0,1,1,0,1,1,1,0,1
153,1,-1,-1,-1,1,-1,1,1,-1,1,1,1,-1,-1,-1,-1,1,1,-1,-1,1,1,0,1,0,1,1,1,0,1,1,1,0,1,0,1,0,0,0,0,1,0,1,1,0,0,1,0,0,0,0,1,0,0,0,0,0,1,1,0,0,1,0,0,1,0,0,0,1,0
154,-1,-1,-1,-1,1,-1,-1,-1,-1,1,-1,1,1,-1,1,-1,1,-1,1,1,1,0,0,0,0,1,0,0,0,1,0,0,0,0,0,0,0,0,1,1,0,1,0,1,0,1,0,0,1,1,1,0,1,0,0,1,0,0,1,1,1,0,1,1,0,1,0,1,0,0
155,-1,1,1,-1,1,1,1,1,1,-1,-1,-1,-1,1,-1,1,1,1,-1,-1,0,0,1,1,0,0,1,0,1,0,1,0,1,0,1,1,0,1,0,1,1,0,1,0,1,0,1,1,0,0,0,1,1,1,0,0,0,1,0,1,1,0,0,0,0,0,0,0,1,0
156,1,-1,1,-1,1,1,-1,1,-1,-1,-1,-1,-1,-1,-1,1,1,1,-1,-1,1,0,1,1,1,0,1,1,0,0,0,0,0,1,0,0,0,0,0,0,0,0,0,1,1,0,0,1,0,0,0,1,0,0,0,1,1,1,0,0,0,1,1,1,0,0,0,1,1,0
157,-1,-1,1,1,1,1,-1,1,1,1,-1,1,1,1,-1,-1,1,-1,-1,-1,0,1,1,1,0,0,0,0,1,0,0,0,0,1,0,1,0,1,0,1,0,0,0,0,1,1,0,1,0,1,0,1,0,1,0,1,0,0,1,1,0,1,0,0,0,0,0,0,1,1
158,1,-1,1,-1,-1,1,1,1,-1,-1,1,-1,1,1,1,-1,-1,1,1,-1,0,0,1,0,0,0,0,0,0,0,0,0,1,0,1,1,1,0,0,0,1,0,1,1,0,0,0,0,0,1,0,0,0,1,0,0,1,0,1,0,0,1,0,0,0,0,1,0,0,0
159,-1,-1,-1,1,1,-1,1,-1,-1,1,-1,-1,-1,-1,1,1,1,-1,1,-1,0,0,0,0,1,1,0,0,0,1,1,1,0,0,1,0,1,1,0,0,1,1,1,0,0,0,1,0,1,1,1,1,0,0,0,0,0,1,1,0,1,0,0,1,1,0,1,1,0,1
160,1,1,-1,1,1,1,1,-1,-1,1,1,1,1,1,1,-1,1,-1,1,-1,1,1,0,0,1,1,0,1,0,1,1,0,0,0,1,1,0,0,1,1,1,1,1,0,0,0,0,1,0,1,0,0,0,1,0,1,0,0,1,1,0,0,1,1,1,1,1,0,0,0
161,-1,-1,1,-1,-1,-1,1,-1,-1,1,-1,-1,-1,-1,-1,-1,1,-1,1,-1,0,0,1,0,1,1,1,0,0,1,1,1,1,1,0,0,1,1,0,1,1,0,1,0,1,0,1,0,0,0,1,1,0,0,0,0,0,1,0,1,1,0,1,0,0,0,1,1,0,1
162,1,1,-1,1,1,-1,1,1,-1,-1,-1,-1,1,-1,1,1,-1,-1,1,1,0,1,0,0,0,0,1,0,1,1,1,0,0,0,1,1,0,0,1,0,1,1,0,0,0,0,0,0,1,0,0,0,0,0,0,0,1,1,1,0,1,0,0,0,1,0,1,1,0,1
163,-1,-1,1,-1,-1,1,1,-1,1,-1,-1,-1,-1,1,1,-1,1,-1,1,1,0,0,1,0,0,0,0,0,1,0,0,1,1,0,1,0,0,1,0,0,0,0,0,1,1,0,1,0,1,0,1,0,1,0,0,0,1,0,1,1,1,1,1,1,0,0,1,1,0,1
164,1,-1,1,1,-1,-1,1,-1,1,1,-1,1,1,1,1,1,1,-1,1,1,0,0,0,0,0,0,0,1,1,0,1,0,0,0,1,0,1,1,0,0,0,1,0,0,0,1,0,0,1,0,1,0,0,0,0,0,1,0,0,0,0,0,0,1,1,0,0,1,1,0
165,-1,1,1,1,1,1,-1,1,1,1,1,1,1,-1,-1,1,1,1,1,1,0,1,1,0,0,0,0,1,1,0,1,0,0,0,0,1,0,0,1,1,0,1,0,0,1,1,1,1,0,0,0,0,1,1,1,0,1,0,0,1,0,0,1,1,1,0,0,1,1,0
166,-1,-1,-1,-1,-1,1,-1,-1,-1,1,1,1,-1,-1,-1,-1,-1,1,1,-1,1,0,0,0,1,1,0,0,0,1,0,1,1,1,0,0,1,0,0,0,0,0,0,0,0,0,0,0,1,0,0,1,1,1,1,0,0,0,0,0,0,0,1,1,1,0,1,1,0,0
167,-1,-1,1,-1,-1,-1,1,1,-1,1,1,1,1,1,1,-1,-1,1,-1,1,0,1,0,1,0,0,1,1,1,0,1,1,1,0,0,1,1,1,0,0,0,0,1,1,0,0,1,0,0,1,1,0,1,0,0,1,0,0,1,0,1,1,0,0,1,1,1,0,0,1
168,-1,1,1,1,1,-1,1,-1,-1,-1,-1,1,1,-1,1,1,-1,-1,1,1,0,1,0,1,0,1,1,0,1,1,0,0,0,0,0,1,0,0,0,0,0,1,0,1,0,0,0,0,1,0,1,0,0,0,1,0,1,1,0,0,1,0,0,1,0,1,0,1,0,1
169,1,1,-1,-1,-1,-1,1,-1,-1,1,1,1,1,1,1,-1,-1,1,1,1,1,0,0,1,0,1,0,1,0,1,0,1,1,0,0,0,1,0,0,0,1,0,1,1,0,0,1,1,1,0,0,0,0,0,1,1,1,0,0,0,1,0,0,0,1,1,0,1,0,0
170,-1,-1,-1,-1,-1,1,1,-1,-1,1,-1,1,-1,1,1,-1,1,1,1,-1,0,0,0,0,0,1,0,0,1,1,0,0,1,1,0,0,1,1,0,1,1,0,1,1,0,1,1,0,0,1,0,1,1,0,0,1,1,1,1,1,0,1,1,1,0,0,1,0,0,0
171,-1,1,1,-1,1,1,-1,1,1,-1,-1,1,-1,1,-1,-1,-1,1,1,-1,0,0,0,1,0,0,1,0,1,0,0,0,1,1,1,1,1,0,0,1,1,0,0,1,1,0,0,0,1,0,0,0,0,1,0,1,0,0,0,0,0,1,1,1,0,1,0,0,0,1
172,1,-1,-1,-1,1,1,-1,1,-1,-1,1,-1,1,-1,1,1,1,1,-1,1,0,1,0,1,0,1,0,0,0,0,0,1,0,0,0,1,0,1,1,0,0,0,0,1,1,1,0,0,0,0,0,1,1,0,0,1,1,1,1,0,0,0,1,1,0,0,0,0,0,1
173,-1,1,1,-1,-1,1,1,1,-1,1,1,1,1,-1,-1,-1,-1,1,-1,1,1,1,0,1,0,0,1,1,0,1,1,0,1,1,0,1,0,0,1,1,0,0,0,0,0,0,1,1,0,0,0,0,1,1,1,0,0,1,1,0,1,0,0,0,1,0,1,0,1,0
174,1,1,1,1,-1,-1,1,1,1,1,1,-1,1,-1,1,-1,1,1,-1,1,0,0,1,0,1,0,1,1,0,1,1,0,1,0,0,1,1,0,1,1,0,1,1,0,1,0,1,1,0,0,1,0,0,1,1,1,0,0,1,0,1,0,1,0,1,0,0,1,0,1
175,1,-1,-1,1,1,1,-1,-1,-1,-1,1,-1,1,-1,1,-1,-1,1,-1,1,1,0,0,0,0,1,0,0,0,0,0,1,0,1,0,0,0,0,1,0,0,1,1,1,0,1,0,1,0,1,0,0,0,0,0,1,1,0,1,0,0,0,0,0,0,0,0,0,0,1
176,-1,1,1,1,1,-1,-1,-1,1,-1,-1,-1,-1,1,-1,-1,1,-1,1,-1,0,0,0,1,1,1,0,0,1,1,0,0,0,0,1,1,1,0,0,1,1,0,0,0,1,1,1,0,1,0,0,1,0,1,1,1,0,0,0,1,0,0,1,1,0,1,0,1,1,1
177,1,-1,1,-1,-1,-1,-1,-1,1,-1,1,-1,1,1,1,1,1,-1,-1,-1,0,0,1,0,1,0,0,0,0,0,0,0,0,0,1,0,0,1,0,0,0,1,0,0,1,0,0,0,0,0,0,0,0,0,0,0,1,1,0,0,0,0,0,0,0,1,0,0,0,1
178,-1,-1,1,-1,1,1,1,-1,1,-1,-1,-1,1,-1,1,1,-1,1,1,1,1,0,0,0,0,0,0,0,1,0,0,1,1,1,1,0,0,1,1,0,0,0,0,1,1,0,0,0,0,0,0,0,1,0,0,0,0,0,0,0,1,0,1,0,1,0,0,1,1,1
179,1,-1,1,-1,-1,-1,1,-1,1,-1,1,1,1,-1,-1,-1,-1,-1,-1,1,0,0,1,0,0,0,0,1,1,0,0,1,0,0,0,1,0,1,0,0,0,0,0,0,0,1,0,0,1,0,0,0,0,1,1,0,0,0,0,0,0,0,1,0,0,1,0,1,1,0
180,-1,1,1,-1,1,1,1,-1,1,-1,1,1,1,-1,-1,-1,-1,-1,1,1,0,1,0,0,0,1,0,0,1,1,0,0,1,0,0,1,0,1,1,0,1,1,0,1,1,0,0,0,0,0,0,0,1,1,1,0,0,0,0,1,1,0,0,0,0,1,1,0,0,0
181,1,-1,1,-1,1,1,-1,1,-1,1,1,1,1,1,1,1,1,1,-1,-1,0,1,0,0,0,0,1,1,0,1,0,0,0,0,1,1,0,0,0,0,0,1,1,1,0,0,0,1,0,1,0,1,0,0,0,1,1,1,1,0,1,0,0,1,1,1,0,0,1,0
182,-1,1,1,1,-1,1,1,-1,1,1,-1,1,-1,1,1,-1,-1,1,1,-1,1,0,0,0,0,1,0,0,1,1,0,0,1,1,1,0,1,1,0,1,1,1,1,1,0,0,1,0,1,1,0,1,0,1,0,1,0,0,0,0,0,0,0,1,1,0,0,0,1,0
183,1,1,-1,1,-1,-1,1,-1,1,-1,-1,1,-1,-1,1,1,1,-1,1,-1,1,0,0,0,1,1,0,1,0,0,1,0,0,0,1,0,1,1,0,0,0,1,0,0,0,1,1,0,1,0,1,1,0,0,1,1,0,1,0,0,0,0,1,1,1,0,0,0,1,1
184,-1,-1,1,-1,1,-1,1,-1,-1,1,-1,1,1,-1,-1,-1,-1,1,-1,-1,1,1,0,1,0,0,1,1,1,0,0,0,1,1,1,0,0,0,0,0,1,0,1,0,0,0,0,0,1,0,0,1,0,1,0,0,1,0,0,0,1,1,0,0,0,1,0,1,1,1
185,-1,-1,1,1,-1,-1,1,-1,-1,-1,-1,-1,1,-1,1,1,-1,1,-1,1,0,0,0,0,1,0,0,1,1,1,0,0,0,0,0,1,1,0,0,0,0,0,1,0,0,0,0,0,1,1,1,0,0,0,1,0,0,0,0,0,1,0,0,1,1,1,0,1,0,0
186,1,1,1,1,-1,1,-1,-1,-1,1,-1,1,-1,-1,1,-1,-1,1,1,-1,1,0,0,0,0,1,1,1,0,0,0,0,1,1,0,0,1,0,1,0,0,1,1,1,0,0,0,1,1,1,0,0,1,0,0,1,0,1,0,0,0,0,1,1,1,0,0,1,1,1
187,1,1,-1,1,1,-1,1,1,-1,1,1,1,1,1,1,-1,-1,-1,1,1,1,1,0,0,1,1,0,1,1,1,1,1,0,0,0,1,1,0,1,0,1,0,1,1,1,0,1,1,1,1,0,0,0,1,1,1,0,1,1,0,0,0,0,1,1,1,1,1,0,0
188,-1,-1,-1,1,-1,-1,1,1,1,1,-1,-1,-1,-1,-1,1,-1,-1,-1,-1,1,1,1,0,1,1,0,1,1,0,1,1,1,1,0,0,1,0,0,1,0,0,0,0,0,1,0,0,0,1,1,1,1,1,1,1,0,1,0,0,0,0,0,0,1,0,1,0,1,1
189,1,1,1,-1,1,1,-1,1,-1,1,-1,-1,1,1,-1,1,1,-1,-1,-1,1,0,1,0,0,0,1,1,0,0,0,0,0,0,1,1,0,0,1,1,0,1,0,1,1,0,0,1,0,0,0,1,0,0,0,0,1,1,1,1,1,1,0,0,0,1,1,0,0,1
190,1,-1,1,1,-1,1,-1,-1,1,-1,1,1,-1,-1,-1,-1,-1,1,1,-1,0,0,1,1,0,1,0,0,0,0,1,1,0,1,0,0,1,0,1,0,0,1,1,0,0,0,0,1,0,0,0,0,1,0,1,0,0,0,0,1,0,1,1,1,1,0,0,1,1,0
191,-1,1,-1,1,1,-1,-1,1,1,-1,-1,1,-1,1,1,-1,-1,1,-1,1,0,1,0,0,0,1,0,0,1,0,0,0,0,0,0,0,1,1,0,1,0,0,0,1,0,1,0,1,1,1,0,0,0,0,1,1,0,0,0,0,0,0,0,1,0,1,0,0,1,0
192,-1,-1,1,-1,1,-1,-1,-1,1,-1,-1,1,-1,1,-1,1,1,1,1,-1,1,0,1,1,0,0,1,0,1,1,0,0,1,1,1,0,0,1,0,1,1,0,0,0,0,1,0,0,1,0,0,1,0,0,0,0,1,0,0,1,0,0,1,1,0,0,0,0,1,1
193,1,1,-1,1,1,1,-1,-1,-1,1,1,1,-1,1,1,1,1,-1,-1,-1,1,1,0,0,0,1,0,1,0,1,1,0,0,0,0,1,0,0,1,0,0,1,1,0,0,1,0,1,1,1,1,1,1,0,0,0,0,1,1,0,0,0,1,1,0,1,0,0,1,1
194,1,1,-1,-1,1,1,-1,-1,-1,1,-1,-1,-1,1,-1,-1,1,1,-1,-1,1,0,1,1,1,0,1,0,0,0,0,0,1,0,1,0,0,0,0,0,0,0,1,1,0,1,0,0,1,0,1,1,1,0,0,1,0,1,0,1,0,1,0,1,0,0,0,1,1,1
195,1,1,-1,-1,1,-1,-1,-1,-1,-1,-1,-1,1,1,1,-1,1,1,1,-1,1,0,0,0,0,0,1,0,0,1,0,0,0,0,1,0,0,0,0,0,1,0,1,1,0,0,1,0,1,0,0,1,0,0,0,0,1,1,0,1,1,0,1,1,0,1,0,1,0,0
196,1,-1,-1,1,-1,-1,-1,-1,-1,-1,-1,-1,-1,1,-1,-1,-1,1,1,-1,0,0,0,0,0,0,1,0,0,0,0,0,0,1,0,0,1,0,0,0,0,0,1,0,0,0,1,0,1,1,0,1,0,0,1,0,1,0,0,1,0,1,1,1,0,1,0,1,1,1
197,-1,1,-1,-1,1,1,-1,-1,1,-1,-1,1,-1,1,-1,1,-1,1,-1,-1,1,0,0,0,1,0,1,0,1,1,0,0,1,1,1,0,0,1,0,1,0,0,0,1,1,1,0,0,1,0,0,1,0,0,0,1,0,0,0,1,0,1,1,0,0,1,0,0,0,1
198,-1,-1,-1,-1,-1,1,-1,-1,-1,1,-1,-1,1,1,-1,-1,1,1,1,-1,1,0,0,0,0,1,0,0,0,0,0,0,1,1,0,0,0,1,0,0,1,0,0,0,0,0,1,0,1,1,0,1,0,0,0,1,1,1,1,0,0,1,1,0,0,0,1,1,0,1
199,-1,-1,-1,1,1,1,-1,-1,1,-1,-1,-1,1,-1,1,-1,1,1,1,1,1,0,0,0,0,0,0,0,1,0,0,0,1,1,0,0,0,0,1,1,0,1,0,0,0,1,0,0,1,0,0,0,0,0,1,1,1,0,0,1,0,0,1,1,0,0,0,1,0,0
